simulation_time,latitude,longitude,altitude,speed,battery,heading,target_heading,heading_difference,flight_state,flight_mode,current_waypoint,distance_to_waypoint
1.0,50.2085,-5.487391891891892,155,12.0,99.92,90,78.69006752597848,-11.309932474021537,CLIMBING,TURNING,0,848.9867490131342
2.0,50.2085,-5.487283783783783,160,12.0,99.84,90,78.52901164795705,-11.470988352042951,CLIMBING,TURNING,0,837.2230885492038
3.0,50.2085,-5.487175675675675,165,12.0,99.76,90,78.36336669312392,-11.636633306876092,CLIMBING,TURNING,0,825.466231895555
4.0,50.2085,-5.487067567567567,170,12.0,99.68,90,78.19293657839941,-11.807063421600589,CLIMBING,TURNING,0,813.7164739636437
5.0,50.20851877277597,-5.486961101864538,175,12.0,99.60000000000001,80,78.01751406507819,-11.982485934921812,CLIMBING,TURNING,0,801.9741267645763
6.0,50.208546898005046,-5.4868289259354235,180,15.0,99.55000000000001,77.98740565357414,77.98740565357414,-2.012594346425857,CRUISE,TURNING,0,789.9814184574042
7.0,50.208575023234125,-5.486696750006309,180,15.0,99.50000000000001,77.98740565359265,77.98740565359265,1.850253283919301e-11,CRUISE,STRAIGHT,0,774.9814184573745
8.0,50.208603148463204,-5.486564574077194,180,15.0,99.45000000000002,77.98740565361184,77.98740565361184,1.921307557495311e-11,CRUISE,STRAIGHT,0,759.9814184573448
9.0,50.20863127369228,-5.48643239814808,180,15.0,99.40000000000002,77.98740565363185,77.98740565363185,2.000888343900442e-11,CRUISE,STRAIGHT,0,744.9814184573152
10.0,50.20865939892136,-5.486300222218965,180,15.0,99.35000000000002,77.98740565365266,77.98740565365266,2.0804691303055733e-11,CRUISE,STRAIGHT,0,729.9814184572856
11.0,50.20868752415044,-5.48616804628985,180,15.0,99.30000000000003,77.98740565367436,77.98740565367436,2.1714186004828662e-11,CRUISE,STRAIGHT,0,714.9814184572559
12.0,50.20871564937952,-5.486035870360736,180,15.0,99.25000000000003,77.98740565369698,77.98740565369698,2.262368070660159e-11,CRUISE,STRAIGHT,0,699.9814184572263
13.0,50.2087437746086,-5.485903694431621,180,15.0,99.20000000000003,77.98740565372059,77.98740565372059,2.3590018827235326e-11,CRUISE,STRAIGHT,0,684.9814184571966
14.0,50.20877189983768,-5.485771518502506,180,15.0,99.15000000000003,77.98740565374526,77.98740565374526,2.467004378559068e-11,CRUISE,STRAIGHT,0,669.9814184571669
15.0,50.20880002506676,-5.485639342573392,180,15.0,99.10000000000004,77.98740565377105,77.98740565377105,2.580691216280684e-11,CRUISE,STRAIGHT,0,654.9814184571372
16.0,50.20882815029584,-5.485507166644277,180,15.0,99.05000000000004,77.98740565379805,77.98740565379805,2.7000623958883807e-11,CRUISE,STRAIGHT,0,639.9814184571077
17.0,50.208856275524916,-5.4853749907151625,180,15.0,99.00000000000004,77.98740565382636,77.98740565382636,2.830802259268239e-11,CRUISE,STRAIGHT,0,624.981418457078
18.0,50.208884400753995,-5.485242814786048,180,15.0,98.95000000000005,77.98740565385606,77.98740565385606,2.970068635477219e-11,CRUISE,STRAIGHT,0,609.9814184570483
19.0,50.208912525983074,-5.485110638856933,180,15.0,98.90000000000005,77.98740565388725,77.98740565388725,3.12070369545836e-11,CRUISE,STRAIGHT,0,594.9814184570187
20.0,50.20894065121215,-5.484978462927819,180,15.0,98.85000000000005,77.98740565392005,77.98740565392005,3.2798652682686225e-11,CRUISE,STRAIGHT,0,579.981418456989
21.0,50.20896877644123,-5.484846286998704,180,15.0,98.80000000000005,77.9874056539546,77.9874056539546,3.456079866737127e-11,CRUISE,STRAIGHT,0,564.9814184569593
22.0,50.20899690167031,-5.484714111069589,180,15.0,98.75000000000006,77.98740565399102,77.98740565399102,3.643663148977794e-11,CRUISE,STRAIGHT,0,549.9814184569298
23.0,50.20902502689939,-5.484581935140475,180,15.0,98.70000000000006,77.9874056540295,77.9874056540295,3.8482994568767026e-11,CRUISE,STRAIGHT,0,534.9814184569001
24.0,50.20905315212847,-5.484449759211359,180,15.0,98.65000000000006,77.9874056540702,77.9874056540702,4.069988790433854e-11,CRUISE,STRAIGHT,0,519.9814184568704
25.0,50.20908127735755,-5.484317583282244,180,15.0,98.60000000000007,77.98740565411099,77.98740565411099,4.078515303262975e-11,CRUISE,STRAIGHT,0,504.98141845674434
26.0,50.20910940258662,-5.484185407353128,180,15.0,98.55000000000007,77.98740565415426,77.98740565415426,4.32578417530749e-11,CRUISE,STRAIGHT,0,489.9814184566183
27.0,50.2091375278157,-5.484053231424013,180,15.0,98.50000000000007,77.98740565410722,77.98740565410722,-4.703792910731863e-11,CRUISE,STRAIGHT,0,474.98141845665634
28.0,50.20916565304477,-5.483921055494897,180,15.0,98.45000000000007,77.98740565415319,77.98740565415319,4.5986325858393684e-11,CRUISE,STRAIGHT,0,459.98141845653026
29.0,50.20919377827385,-5.483788879565782,180,15.0,98.40000000000008,77.98740565410296,77.98740565410296,-5.0249582272954285e-11,CRUISE,STRAIGHT,0,444.9814184565683
30.0,50.20922190350292,-5.483656703636666,180,15.0,98.35000000000008,77.987405654152,77.987405654152,4.905587047687732e-11,CRUISE,STRAIGHT,0,429.98141845644227
31.0,50.209250028732,-5.483524527707551,180,15.0,98.30000000000008,77.98740565409807,77.98740565409807,-5.3944404498906806e-11,CRUISE,STRAIGHT,0,414.9814184564803
32.0,50.20927815396107,-5.483392351778435,180,15.0,98.25000000000009,77.9874056541506,77.9874056541506,5.2523319027386606e-11,CRUISE,STRAIGHT,0,399.9814184563542
33.0,50.20930627919015,-5.48326017584932,180,15.0,98.20000000000009,77.98740565409243,77.98740565409243,-5.8179239204037e-11,CRUISE,STRAIGHT,0,384.9814184563923
34.0,50.209334404419224,-5.483127999920204,180,15.0,98.15000000000009,77.98740565414899,77.98740565414899,5.6559201766503975e-11,CRUISE,STRAIGHT,0,369.9814184562662
35.0,50.2093625296483,-5.4829958239910885,180,15.0,98.1000000000001,77.98740565408582,77.98740565408582,-6.31530383543577e-11,CRUISE,STRAIGHT,0,354.98141845630425
36.0,50.209390654877375,-5.482863648061973,180,15.0,98.0500000000001,77.98740565414708,77.98740565414708,6.127720553195104e-11,CRUISE,STRAIGHT,0,339.98141845617823
37.0,50.20941878010645,-5.4827314721328575,180,15.0,98.0000000000001,77.987405654078,77.987405654078,-6.906475391588174e-11,CRUISE,STRAIGHT,0,324.98141845621626
38.0,50.209446905335525,-5.482599296203742,180,15.0,97.9500000000001,77.98740565414482,77.98740565414482,6.681943887087982e-11,CRUISE,STRAIGHT,0,309.98141845609024
39.0,50.209475030564604,-5.4824671202746265,180,15.0,97.9000000000001,77.9874056540686,77.9874056540686,-7.622702469234355e-11,CRUISE,STRAIGHT,0,294.98141845612827
40.0,50.209503155793676,-5.482334944345511,180,15.0,97.85000000000011,77.98740565414207,77.98740565414207,7.347011887759436e-11,CRUISE,STRAIGHT,0,279.9814184560022
41.0,50.209531281022755,-5.482202768416395,180,15.0,97.80000000000011,77.98740565405706,77.98740565405706,-8.500933290633839e-11,CRUISE,STRAIGHT,0,264.9814184560403
42.0,50.20955940625183,-5.48207059248728,180,15.0,97.75000000000011,77.98740565413866,77.98740565413866,8.15987277746899e-11,CRUISE,STRAIGHT,0,249.98141845591417
43.0,50.209587531480906,-5.481938416558165,180,15.0,97.70000000000012,77.98740565404256,77.98740565404256,-9.609379958419595e-11,CRUISE,STRAIGHT,0,234.98141845595225
44.0,50.20961565670998,-5.48180624062905,180,15.0,97.65000000000012,77.98740565413965,77.98740565413965,9.708855941426009e-11,CRUISE,STRAIGHT,0,219.98141845592258
45.0,50.20964378193906,-5.481674064699935,180,15.0,97.60000000000012,77.98740565402957,77.98740565402957,-1.1007728062395472e-10,CRUISE,STRAIGHT,0,204.98141845596066
46.0,50.20967190716813,-5.48154188877082,180,15.0,97.55000000000013,77.98740565414097,77.98740565414097,1.1141310096718371e-10,CRUISE,STRAIGHT,0,189.98141845593102
47.0,50.20970003239721,-5.481409712841705,180,15.0,97.50000000000013,77.98740565401214,77.98740565401214,-1.2883560884802137e-10,CRUISE,STRAIGHT,0,174.98141845596908
48.0,50.20972815762628,-5.4812775369125895,180,15.0,97.45000000000013,77.98740565414276,77.98740565414276,1.3062617654213682e-10,CRUISE,STRAIGHT,0,159.98141845593943
49.0,50.20975628285536,-5.481145360983475,180,15.0,97.40000000000013,77.98740565398747,77.98740565398747,-1.552962203277275e-10,CRUISE,STRAIGHT,0,144.98141845597752
50.0,50.20978440808443,-5.481013185054359,180,15.0,97.35000000000014,77.9874056541454,77.9874056541454,1.5793943930475507e-10,CRUISE,STRAIGHT,0,129.98141845594785
51.0,50.20981253331351,-5.480881009125245,180,15.0,97.30000000000014,77.98740565394993,77.98740565394993,-1.9548451746231876e-10,CRUISE,STRAIGHT,0,114.98141845598592
52.0,50.20984065854258,-5.480748833196129,180,15.0,97.25000000000014,77.98740565414963,77.98740565414963,1.9969093045801856e-10,CRUISE,STRAIGHT,0,99.98141845595626
53.0,50.20986878377166,-5.4806166572670145,180,15.0,97.20000000000014,77.98740565388589,77.98740565388589,-2.637534635141492e-10,CRUISE,STRAIGHT,0,84.98141845599433
54.0,50.20989690900073,-5.480484481337899,180,15.0,97.15000000000015,77.98740565415748,77.98740565415748,2.715978553169407e-10,CRUISE,STRAIGHT,0,69.98141845596469
55.0,50.20992503422981,-5.480352305408784,180,15.0,97.10000000000015,77.98740565375196,77.98740565375196,-4.055209501530044e-10,CRUISE,STRAIGHT,0,54.98141845600275
56.0,50.209953159458884,-5.480220129479669,180,15.0,97.05000000000015,77.9874056541771,77.9874056541771,4.2513192965998314e-10,CRUISE,STRAIGHT,0,39.9814184559731
57.0,50.20998128468796,-5.480087953550554,180,15.0,97.00000000000016,77.98740565329639,77.98740565329639,-8.80703510119929e-10,CRUISE,STRAIGHT,0,24.98141845601117
58.0,50.210009409917035,-5.479955777621439,180,15.0,96.95000000000016,77.98740565431463,77.98740565431463,1.018236162053654e-09,CRUISE,STRAIGHT,1,9.981418455981519
59.0,50.21004833309788,-5.479826369388546,180,15.0,96.90000000000016,73.25985626919609,73.25985626919609,-4.72754938511855,CRUISE,TURNING,1,574.4353559234434
60.0,50.210087256278726,-5.4796969611556525,180,15.0,96.85000000000016,73.25985626916291,73.25985626916291,-3.319655661471188e-11,CRUISE,STRAIGHT,1,559.435355923585
61.0,50.21012617945957,-5.479567552922759,180,15.0,96.80000000000017,73.25985626912791,73.25985626912791,-3.501554601825774e-11,CRUISE,STRAIGHT,1,544.4353559237268
62.0,50.21016510264042,-5.479438144689866,180,15.0,96.75000000000017,73.25985626909093,73.25985626909093,-3.6976643968955614e-11,CRUISE,STRAIGHT,1,529.4353559238683
63.0,50.21020402582126,-5.479308736456973,180,15.0,96.70000000000017,73.25985626905178,73.25985626905178,-3.916511559509672e-11,CRUISE,STRAIGHT,1,514.4353559240101
64.0,50.210242949002115,-5.47917932822408,180,15.0,96.65000000000018,73.2598562690103,73.2598562690103,-4.149569576838985e-11,CRUISE,STRAIGHT,1,499.4353559241516
65.0,50.21028187218296,-5.479049919991187,180,15.0,96.60000000000018,73.25985626905556,73.25985626905556,4.524736141320318e-11,CRUISE,STRAIGHT,1,484.4353559240662
66.0,50.21032079536381,-5.478920511758294,180,15.0,96.55000000000018,73.25985626901154,73.25985626901154,-4.402522790769581e-11,CRUISE,STRAIGHT,1,469.4353559242078
67.0,50.21035971854466,-5.478791103525401,180,15.0,96.50000000000018,73.25985626905984,73.25985626905984,4.831690603168681e-11,CRUISE,STRAIGHT,1,454.43535592412235
68.0,50.21039864172551,-5.478661695292508,180,15.0,96.45000000000019,73.25985626901294,73.25985626901294,-4.689582056016661e-11,CRUISE,STRAIGHT,1,439.435355924264
69.0,50.21043756490636,-5.478532287059615,180,15.0,96.40000000000019,73.25985626906471,73.25985626906471,5.17843545821961e-11,CRUISE,STRAIGHT,1,424.43535592417845
70.0,50.21047648808721,-5.478402878826722,180,15.0,96.3500000000002,73.25985626901456,73.25985626901456,-5.013589543523267e-11,CRUISE,STRAIGHT,1,409.43535592432016
71.0,50.210515411268055,-5.4782734705938285,180,15.0,96.3000000000002,73.25985626907033,73.25985626907033,5.576339390245266e-11,CRUISE,STRAIGHT,1,394.4353559242346
72.0,50.21055433444891,-5.478144062360935,180,15.0,96.2500000000002,73.25985626901644,73.25985626901644,-5.3887561080046e-11,CRUISE,STRAIGHT,1,379.4353559243763
73.0,50.21059325762975,-5.478014654128042,180,15.0,96.2000000000002,73.25985626907686,73.25985626907686,6.042455424903892e-11,CRUISE,STRAIGHT,1,364.4353559242908
74.0,50.210632180810606,-5.477885245895149,180,15.0,96.1500000000002,73.25985626901863,73.25985626901863,-5.823608262289781e-11,CRUISE,STRAIGHT,1,349.4353559244324
75.0,50.21067110399145,-5.477755837662256,180,15.0,96.10000000000021,73.25985626908457,73.25985626908457,6.59383658785373e-11,CRUISE,STRAIGHT,1,334.43535592434694
76.0,50.210710027172304,-5.477626429429363,180,15.0,96.05000000000021,73.25985626902124,73.25985626902124,-6.332356861094013e-11,CRUISE,STRAIGHT,1,319.4353559244886
77.0,50.21074895035315,-5.47749702119647,180,15.0,96.00000000000021,73.2598562690938,73.2598562690938,7.256062417582143e-11,CRUISE,STRAIGHT,1,304.43535592440304
78.0,50.210787873533995,-5.477367612963577,180,15.0,95.95000000000022,73.25985626902438,73.25985626902438,-6.940581442904659e-11,CRUISE,STRAIGHT,1,289.43535592454475
79.0,50.21082679671485,-5.477238204730684,180,15.0,95.90000000000022,73.25985626894737,73.25985626894737,-7.702283255639486e-11,CRUISE,STRAIGHT,1,274.4353559246864
80.0,50.21086571989569,-5.477108796497791,180,15.0,95.85000000000022,73.25985626902826,73.25985626902826,8.08881850389298e-11,CRUISE,STRAIGHT,1,259.43535592460086
81.0,50.210904643076546,-5.476979388264898,180,15.0,95.80000000000022,73.25985626894203,73.25985626894203,-8.623146641184576e-11,CRUISE,STRAIGHT,1,244.43535592474254
82.0,50.21094356625739,-5.4768499800320045,180,15.0,95.75000000000023,73.25985626903315,73.25985626903315,9.112000043387525e-11,CRUISE,STRAIGHT,1,229.435355924657
83.0,50.210982489438244,-5.476720571799111,180,15.0,95.70000000000023,73.2598562689352,73.2598562689352,-9.794121069717221e-11,CRUISE,STRAIGHT,1,214.43535592479867
84.0,50.21102141261909,-5.476591163566218,180,15.0,95.65000000000023,73.2598562690395,73.2598562690395,1.0430767360958271e-10,CRUISE,STRAIGHT,1,199.43535592471315
85.0,50.21106033579994,-5.476461755333325,180,15.0,95.60000000000024,73.25985626892616,73.25985626892616,-1.1334577720845118e-10,CRUISE,STRAIGHT,1,184.43535592485483
86.0,50.21109925898079,-5.476332347100432,180,15.0,95.55000000000024,73.25985626904811,73.25985626904811,1.219575551658636e-10,CRUISE,STRAIGHT,1,169.4353559247693
87.0,50.21113818216164,-5.476202938867539,180,15.0,95.50000000000024,73.25985626891357,73.25985626891357,-1.3454837244353257e-10,CRUISE,STRAIGHT,1,154.43535592491097
88.0,50.211177105342486,-5.476073530634646,180,15.0,95.45000000000024,73.25985626906044,73.25985626906044,1.468833943363279e-10,CRUISE,STRAIGHT,1,139.43535592482547
89.0,50.21121602852334,-5.475944122401753,180,15.0,95.40000000000025,73.25985626889494,73.25985626889494,-1.6549961401324254e-10,CRUISE,STRAIGHT,1,124.43535592496711
90.0,50.211254951704184,-5.47581471416886,180,15.0,95.35000000000025,73.2598562690795,73.2598562690795,1.8457058104104362e-10,CRUISE,STRAIGHT,1,109.4353559248816
91.0,50.21129387488504,-5.475685305935967,180,15.0,95.30000000000025,73.25985626886445,73.25985626886445,-2.1503865355043672e-10,CRUISE,STRAIGHT,1,94.43535592502326
92.0,50.21133279806588,-5.475555897703074,180,15.0,95.25000000000026,73.25985626911297,73.25985626911297,2.4851942725945264e-10,CRUISE,STRAIGHT,1,79.43535592493774
93.0,50.211371721246735,-5.4754264894701805,180,15.0,95.20000000000026,73.25985626880559,73.25985626880559,-3.0738078748981934e-10,CRUISE,STRAIGHT,1,64.4353559250794
94.0,50.21141064442758,-5.475297081237287,180,15.0,95.15000000000026,73.25985626918705,73.25985626918705,3.814761839748826e-10,CRUISE,STRAIGHT,1,49.4353559249939
95.0,50.21144956760843,-5.475167673004394,180,15.0,95.10000000000026,73.25985626864417,73.25985626864417,-5.428830718301469e-10,CRUISE,STRAIGHT,1,34.43535592513555
96.0,50.21148849078928,-5.4750382647715,180,15.0,95.05000000000027,73.25985626948989,73.25985626948989,8.457163858111016e-10,CRUISE,STRAIGHT,2,19.43535592505004
97.0,50.21150435113573,-5.47490406360102,180,15.0,95.00000000000027,83.25985626948989,116.2856055115139,43.025749242024006,CRUISE,TURNING,2,623.7439378078861
98.0,50.21149666673919,-5.474769147127609,180,15.0,94.95000000000027,93.25985626948989,117.05197263118002,33.79211636169015,CRUISE,TURNING,2,611.2222273390128
99.0,50.21146567108615,-5.474637614720041,180,15.0,94.90000000000028,103.25985626948989,117.63222923518954,24.37237296569964,CRUISE,TURNING,2,597.5276417096626
100.0,50.211412305963854,-5.47451346292396,180,15.0,94.85000000000028,113.25985626948989,117.99814684217615,14.738290572686253,CRUISE,TURNING,2,583.008986814491
101.0,50.21134860760909,-5.474394282286488,180,15.0,94.80000000000028,118.12312171880009,118.12312171880009,4.863265449310205,CRUISE,TURNING,2,568.0616020813906
102.0,50.211284909254324,-5.474275101649016,180,15.0,94.75000000000028,118.12312171879925,118.12312171879925,-8.526512829121202e-13,CRUISE,STRAIGHT,2,553.061602081399
103.0,50.21122121089956,-5.474155921011544,180,15.0,94.70000000000029,118.12312171879839,118.12312171879839,-8.526512829121202e-13,CRUISE,STRAIGHT,2,538.0616020814074
104.0,50.211157512544794,-5.474036740374072,180,15.0,94.65000000000029,118.12312171879748,118.12312171879748,-9.094947017729282e-13,CRUISE,STRAIGHT,2,523.0616020814158
105.0,50.21109381419003,-5.4739175597366,180,15.0,94.60000000000029,118.12312171879651,118.12312171879651,-9.663381206337363e-13,CRUISE,STRAIGHT,2,508.06160208142416
106.0,50.211030115835264,-5.4737983790991285,180,15.0,94.5500000000003,118.12312171879546,118.12312171879546,-1.0516032489249483e-12,CRUISE,STRAIGHT,2,493.0616020814325
107.0,50.2109664174805,-5.473679198461657,180,15.0,94.5000000000003,118.12312171879437,118.12312171879437,-1.0800249583553523e-12,CRUISE,STRAIGHT,2,478.0616020814409
108.0,50.210902719125734,-5.473560017824185,180,15.0,94.4500000000003,118.1231217187932,118.1231217187932,-1.1652900866465643e-12,CRUISE,STRAIGHT,2,463.06160208144934
109.0,50.21083902077097,-5.473440837186713,180,15.0,94.4000000000003,118.12312171879195,118.12312171879195,-1.2505552149377763e-12,CRUISE,STRAIGHT,2,448.0616020814577
110.0,50.210775322416204,-5.473321656549241,180,15.0,94.3500000000003,118.12312171879063,118.12312171879063,-1.3073986337985843e-12,CRUISE,STRAIGHT,2,433.0616020814661
111.0,50.21071162406144,-5.473202475911769,180,15.0,94.30000000000031,118.1231217187892,118.1231217187892,-1.4210854715202004e-12,CRUISE,STRAIGHT,2,418.06160208147446
112.0,50.210647925706674,-5.473083295274297,180,15.0,94.25000000000031,118.12312171878766,118.12312171878766,-1.5347723092418164e-12,CRUISE,STRAIGHT,2,403.06160208148293
113.0,50.21058422735191,-5.4729641146368255,180,15.0,94.20000000000032,118.123121718786,118.123121718786,-1.6484591469634324e-12,CRUISE,STRAIGHT,2,388.0616020814913
114.0,50.210520528997144,-5.472844933999354,180,15.0,94.15000000000032,118.12312171878422,118.12312171878422,-1.7621459846850485e-12,CRUISE,STRAIGHT,2,373.06160208149964
115.0,50.21045683064238,-5.472725753361882,180,15.0,94.10000000000032,118.12312171878229,118.12312171878229,-1.9326762412674725e-12,CRUISE,STRAIGHT,2,358.06160208150806
116.0,50.210393132287614,-5.47260657272441,180,15.0,94.05000000000032,118.12312171878017,118.12312171878017,-2.1032064978498966e-12,CRUISE,STRAIGHT,2,343.0616020815164
117.0,50.21032943393285,-5.472487392086938,180,15.0,94.00000000000033,118.12312171877788,118.12312171877788,-2.2737367544323206e-12,CRUISE,STRAIGHT,2,328.0616020815248
118.0,50.21026573557808,-5.472368211449466,180,15.0,93.95000000000033,118.12312171877537,118.12312171877537,-2.5011104298755527e-12,CRUISE,STRAIGHT,2,313.0616020815332
119.0,50.21020203722332,-5.472249030811994,180,15.0,93.90000000000033,118.1231217187726,118.1231217187726,-2.7853275241795927e-12,CRUISE,STRAIGHT,2,298.0616020815416
120.0,50.21013833886855,-5.472129850174523,180,15.0,93.85000000000034,118.12312171876954,118.12312171876954,-3.069544618483633e-12,CRUISE,STRAIGHT,2,283.06160208155
121.0,50.21007464051379,-5.472010669537051,180,15.0,93.80000000000034,118.12312171876613,118.12312171876613,-3.410605131648481e-12,CRUISE,STRAIGHT,2,268.06160208155836
122.0,50.21001094215902,-5.471891488899579,180,15.0,93.75000000000034,118.1231217187623,118.1231217187623,-3.808509063674137e-12,CRUISE,STRAIGHT,2,253.06160208156678
123.0,50.20994724380426,-5.471772308262107,180,15.0,93.70000000000034,118.12312171875804,118.12312171875804,-4.263256414560601e-12,CRUISE,STRAIGHT,2,238.06160208157513
124.0,50.20988354544949,-5.471653127624635,180,15.0,93.65000000000035,118.12312171875315,118.12312171875315,-4.888534022029489e-12,CRUISE,STRAIGHT,2,223.06160208158354
125.0,50.20981984709473,-5.471533946987163,180,15.0,93.60000000000035,118.12312171874758,118.12312171874758,-5.5706550483591855e-12,CRUISE,STRAIGHT,2,208.06160208159193
126.0,50.20975614873996,-5.4714147663496915,180,15.0,93.55000000000035,118.12312171874115,118.12312171874115,-6.423306331271306e-12,CRUISE,STRAIGHT,2,193.06160208160034
127.0,50.2096924503852,-5.47129558571222,180,15.0,93.50000000000036,118.12312171873364,118.12312171873364,-7.503331289626658e-12,CRUISE,STRAIGHT,2,178.06160208160873
128.0,50.20962875203043,-5.471176405074748,180,15.0,93.45000000000036,118.12312171872473,118.12312171872473,-8.924416761146858e-12,CRUISE,STRAIGHT,2,163.06160208161708
129.0,50.20956505367567,-5.471057224437276,180,15.0,93.40000000000036,118.12312171871402,118.12312171871402,-1.071498445526231e-11,CRUISE,STRAIGHT,2,148.06160208162547
130.0,50.2095013553209,-5.470938043799804,180,15.0,93.35000000000036,118.12312171870089,118.12312171870089,-1.3130829756846651e-11,CRUISE,STRAIGHT,2,133.06160208163388
131.0,50.20943765696614,-5.470818863162332,180,15.0,93.30000000000037,118.12312171868443,118.12312171868443,-1.645616976020392e-11,CRUISE,STRAIGHT,2,118.06160208164225
132.0,50.20937395861137,-5.47069968252486,180,15.0,93.25000000000037,118.12312171866319,118.12312171866319,-2.1259438653942198e-11,CRUISE,STRAIGHT,2,103.06160208165063
133.0,50.20931026025661,-5.4705805018873885,180,15.0,93.20000000000037,118.12312171863468,118.12312171863468,-2.850697455869522e-11,CRUISE,STRAIGHT,2,88.06160208165903
134.0,50.20924656190184,-5.470461321249917,180,15.0,93.15000000000038,118.1231217185945,118.1231217185945,-4.0188297134591267e-11,CRUISE,STRAIGHT,2,73.06160208166743
135.0,50.20918286354708,-5.470342140612445,180,15.0,93.10000000000038,118.12312171853357,118.12312171853357,-6.093614501878619e-11,CRUISE,STRAIGHT,2,58.06160208167581
136.0,50.20911916519231,-5.470222959974972,180,15.0,93.05000000000038,118.12312171843014,118.12312171843014,-1.0342660061724018e-10,CRUISE,STRAIGHT,2,43.0616020816842
137.0,50.20905546683755,-5.470103779337499,180,15.0,93.00000000000038,118.12312171831105,118.12312171831105,-1.190869625133928e-10,CRUISE,STRAIGHT,2,28.06160208160564
